<?xml version="1.0"?>
<Locations>
  <Project>
    <vfs_file>C:\Users\Latitude\Desktop\ada_projec\ada_project-master\driving\digital_out.gpr</vfs_file>
    <file_marker column=" 1" line=" 1" >
      <vfs_project />
      <vfs_file>C:\Users\Latitude\Desktop\ada_projec\ada_project-master\driving\digital_out.gpr</vfs_file>
    </file_marker>
    <file_marker column=" 4" line=" 11" >
      <vfs_project />
      <vfs_file>C:\Users\Latitude\Desktop\ada_projec\ada_project-master\driving\digital_out.gpr</vfs_file>
    </file_marker>
    <file_marker current="true" column=" 4" line=" 11" >
      <vfs_project />
      <vfs_file>C:\Users\Latitude\Desktop\ada_projec\ada_project-master\driving\digital_out.gpr</vfs_file>
    </file_marker>
  </Project>
</Locations>
